fold,auc
1,0.9759000147807676
2,0.9744302995594193
3,0.9755861480562755
