{
  "model": "NB-SVM LogisticRegression",
  "features": "word 1-2 tfidf + char 3-5 tfidf",
  "mean_oof_auc": 0.9817415003480269,
  "label_scores": {
    "toxic": {
      "oof_auc": 0.9803201724755704,
      "fold_scores": [
        0.9815455341684692,
        0.9809138934032602,
        0.9797343743211328,
        0.978392582905283,
        0.9810177750131999
      ]
    },
    "severe_toxic": {
      "oof_auc": 0.981074907930144,
      "fold_scores": [
        0.9807985297134949,
        0.9831218581964826,
        0.9797813332036883,
        0.9828963354286544,
        0.9787648436496191
      ]
    },
    "obscene": {
      "oof_auc": 0.9905310396825662,
      "fold_scores": [
        0.991836619828603,
        0.9902092702207296,
        0.9900760319006645,
        0.9910476528704019,
        0.9894677532021263
      ]
    },
    "threat": {
      "oof_auc": 0.9836822306007851,
      "fold_scores": [
        0.977429955372576,
        0.9841577607553248,
        0.9844376332578515,
        0.9898138108408239,
        0.9829801854820123
      ]
    },
    "insult": {
      "oof_auc": 0.9810423720742919,
      "fold_scores": [
        0.9812499675828953,
        0.9817627999374265,
        0.9811316357959293,
        0.9794302581882923,
        0.9816775622403828
      ]
    },
    "identity_hate": {
      "oof_auc": 0.9737982793248032,
      "fold_scores": [
        0.9736108745556663,
        0.975500549957233,
        0.9720461750325379,
        0.9741804163474941,
        0.9737424530646349
      ]
    }
  },
  "n_train": 159571,
  "n_test": 153164,
  "n_features": 540000,
  "notes": "Sparse TF-IDF linear model; GPU is not used because this high-scoring baseline is sparse linear rather than tree/deep learning.",
  "elapsed_seconds": 1595.6320703000092
}